root_id,label,name,nt_type,flow,super_class,class,sub_class,cell_type,hemilineage,nerve,connectivity_tag,side,input_synapses,output_synapses,in_question
720575940627219272,[],GNG.2752,ACH,afferent,sensory,gustatory,accessory_pharyngeal_nerve_sensory_group2,[],,aPhN2,['feedforward_loop_participant'],left,90,41,
720575940625173006,[],GNG.2367,ACH,afferent,sensory,gustatory,accessory_pharyngeal_nerve_sensory_group2,[],,aPhN2,['feedforward_loop_participant'; 'reciprocal'],left,59,115,
720575940622406694,[],GNG.2327,ACH,afferent,sensory,unknown_sensory,accessory_pharyngeal_nerve_sensory_group2,[],,aPhN2,['3_cycle_participant'; 'feedforward_loop_participant'; 'reciprocal'],right,57,181,
720575940623458633,[],GNG.2371,ACH,afferent,sensory,unknown_sensory,accessory_pharyngeal_nerve_sensory_group2,[],,aPhN2,['3_cycle_participant'; 'feedforward_loop_participant'; 'reciprocal'],right,65,116,
720575940612819763,[],GNG.2394,ACH,afferent,sensory,gustatory,accessory_pharyngeal_nerve_sensory_group2,[],,aPhN2,['feedforward_loop_participant'; 'reciprocal'],left,72,138,
720575940635005303,[],GNG.2294,ACH,afferent,sensory,gustatory,accessory_pharyngeal_nerve_sensory_group2,[],,aPhN2,['feedforward_loop_participant'; 'reciprocal'],left,53,176,
720575940633660314,[],GNG.2248,ACH,afferent,sensory,gustatory,accessory_pharyngeal_nerve_sensory_group2,[],,aPhN2,['3_cycle_participant'; 'feedforward_loop_participant'; 'reciprocal'],left,72,153,
720575940634667234,[],GNG.2217,ACH,afferent,sensory,unknown_sensory,accessory_pharyngeal_nerve_sensory_group2,[],,aPhN2,['3_cycle_participant'; 'feedforward_loop_participant'; 'reciprocal'],right,90,153,
720575940611351193,[],GNG.2232,ACH,afferent,sensory,unknown_sensory,accessory_pharyngeal_nerve_sensory_group2,[],,aPhN2,['3_cycle_participant'; 'feedforward_loop_participant'; 'reciprocal'],right,92,159,
720575940610103906,[],GNG.2398,ACH,afferent,sensory,gustatory,accessory_pharyngeal_nerve_sensory_group2,[],,aPhN2,['feedforward_loop_participant'; 'reciprocal'],left,79,140,
720575940617668662,[],GNG.2575,ACH,afferent,sensory,unknown_sensory,accessory_pharyngeal_nerve_sensory_group2,[],,aPhN2,['feedforward_loop_participant'; 'reciprocal'],right,48,150,
720575940621848781,[],GNG.2984,ACH,afferent,sensory,unknown_sensory,accessory_pharyngeal_nerve_sensory_group2,[],,aPhN2,['feedforward_loop_participant'],right,50,63,
720575940624186602,[],GNG.3056,ACH,afferent,sensory,unknown_sensory,accessory_pharyngeal_nerve_sensory_group2,[],,aPhN2,['feedforward_loop_participant'],right,56,40,
720575940640611803,[],GNG.3121,ACH,afferent,sensory,unknown_sensory,accessory_pharyngeal_nerve_sensory_group2,[],,aPhN2,['feedforward_loop_participant'],right,49,45,
720575940630734393,[],GNG.2812,ACH,afferent,sensory,unknown_sensory,accessory_pharyngeal_nerve_sensory_group2,[],,aPhN2,['3_cycle_participant'; 'feedforward_loop_participant'],right,48,86,
720575940618156315,[],GNG.3089,ACH,afferent,sensory,unknown_sensory,accessory_pharyngeal_nerve_sensory_group2,[],,aPhN2,['feedforward_loop_participant'],right,44,52,
720575940635739504,[],GNG.2589,,afferent,sensory,unknown_sensory,accessory_pharyngeal_nerve_sensory_group2,[],,aPhN2,['3_cycle_participant'; 'feedforward_loop_participant'],left,55,175,
720575940620885342,[],GNG.2628,ACH,afferent,sensory,unknown_sensory,accessory_pharyngeal_nerve_sensory_group2,[],,aPhN2,['3_cycle_participant'; 'feedforward_loop_participant'],right,62,111,
720575940629972215,[],GNG.2814,ACH,afferent,sensory,unknown_sensory,accessory_pharyngeal_nerve_sensory_group2,[],,aPhN2,['3_cycle_participant'; 'feedforward_loop_participant'],left,79,55,
720575940638054197,[],GNG.2528,ACH,afferent,sensory,unknown_sensory,accessory_pharyngeal_nerve_sensory_group2,[],,aPhN2,['3_cycle_participant'; 'feedforward_loop_participant'],right,65,97,
720575940620575579,[],GNG.2571,ACH,afferent,sensory,gustatory,accessory_pharyngeal_nerve_sensory_group2,[],,aPhN2,['3_cycle_participant'; 'feedforward_loop_participant'],left,81,133,
720575940616791067,[],GNG.2918,ACH,afferent,sensory,gustatory,accessory_pharyngeal_nerve_sensory_group2,[],,aPhN2,['3_cycle_participant'; 'feedforward_loop_participant'],left,66,64,
720575940615879995,[],GNG.2920,ACH,afferent,sensory,unknown_sensory,accessory_pharyngeal_nerve_sensory_group2,[],,aPhN2,['3_cycle_participant'; 'feedforward_loop_participant'],left,69,55,
720575940630597177,[],GNG.2543,ACH,afferent,sensory,gustatory,accessory_pharyngeal_nerve_sensory_group2,[],,aPhN2,['3_cycle_participant'; 'feedforward_loop_participant'],left,61,114,
720575940607152476,[],GNG.2400,,afferent,sensory,unknown_sensory,pharyngeal_nerve_sensory_group2,[],,StN_set_4,['3_cycle_participant'; 'feedforward_loop_participant'],left,66,180,
720575940620699162,[],GNG.2212,,afferent,sensory,unknown_sensory,accessory_pharyngeal_nerve_sensory_group2,[],,aPhN2,['3_cycle_participant'; 'feedforward_loop_participant'],left,79,204,
720575940631205580,[],GNG.2353,ACH,afferent,sensory,unknown_sensory,pharyngeal_nerve_sensory_group2,[],,StN_set_4,['3_cycle_participant'; 'feedforward_loop_participant'],left,60,180,
720575940626767152,['not a neuron'],PRW.420,ACH,afferent,sensory,unknown_sensory,pharyngeal_nerve_sensory_group2,[],,StN_set_5,['feedforward_loop_participant'],right,19,170,
720575940606239666,[],GNG.PRW.45,ACH,afferent,sensory,unknown_sensory,pharyngeal_nerve_sensory_group2,[],,StN_set_5,['feedforward_loop_participant'; 'reciprocal'],right,21,332,
720575940645108936,['not a neuron'],PRW.315,ACH,afferent,sensory,unknown_sensory,pharyngeal_nerve_sensory_group2,[],,StN_set_5,['feedforward_loop_participant'; 'reciprocal'],right,27,298,
720575940634085786,[],GNG.PRW.48,ACH,afferent,sensory,unknown_sensory,pharyngeal_nerve_sensory_group2,[],,StN_set_5,['feedforward_loop_participant'; 'reciprocal'],right,31,274,
720575940619652033,[],PRW.330,ACH,afferent,sensory,unknown_sensory,pharyngeal_nerve_sensory_group2,[],,StN_set_5,['feedforward_loop_participant'; 'reciprocal'],left,23,282,
720575940648377209,[],PRW.389,ACH,afferent,sensory,unknown_sensory,pharyngeal_nerve_sensory_group2,[],,StN_set_5,['feedforward_loop_participant'],left,27,201,
720575940644676900,[],PRW.362,ACH,afferent,sensory,unknown_sensory,pharyngeal_nerve_sensory_group2,[],,StN_set_5,['feedforward_loop_participant'],right,33,281,
720575940627989609,[],PRW.367,ACH,afferent,sensory,unknown_sensory,pharyngeal_nerve_sensory_group2,[],,StN_set_5,['feedforward_loop_participant'],left,30,234,
720575940627274578,[],PRW.354,ACH,afferent,sensory,unknown_sensory,pharyngeal_nerve_sensory_group2,[],,StN_set_5,['feedforward_loop_participant'],left,32,342,
720575940612256938,[],PRW.393,ACH,afferent,sensory,unknown_sensory,pharyngeal_nerve_sensory_group2,[],,StN_set_5,['feedforward_loop_participant'],left,36,253,
720575940621207517,[],PRW.382,SER,afferent,sensory,unknown_sensory,pharyngeal_nerve_sensory_group2,[],,StN_set_6,['feedforward_loop_participant'],left,60,146,
720575940630654539,[],PRW.244,SER,afferent,sensory,unknown_sensory,pharyngeal_nerve_sensory_group2,[],,StN_set_6,['3_cycle_participant'; 'feedforward_loop_participant'],right,96,217,
720575940633194029,[],PRW.350,SER,afferent,sensory,unknown_sensory,pharyngeal_nerve_sensory_group2,[],,StN_set_6,['feedforward_loop_participant'; 'reciprocal'],right,409,6,
720575940623056422,[],PRW.341,SER,afferent,sensory,unknown_sensory,pharyngeal_nerve_sensory_group1,[],,StN_set_6,['feedforward_loop_participant'; 'reciprocal'],right,454,5,
720575940620983637,[],PRW.391,SER,afferent,sensory,unknown_sensory,pharyngeal_nerve_sensory_group2,[],,StN_set_6,['feedforward_loop_participant'; 'reciprocal'],right,424,5,
720575940622144648,[],PRW.261,SER,afferent,sensory,unknown_sensory,pharyngeal_nerve_sensory_group2,[],,StN_set_6,['feedforward_loop_participant'; 'reciprocal'],right,645,15,
720575940611388595,[],PRW.402,SER,afferent,sensory,unknown_sensory,pharyngeal_nerve_sensory_group2,[],,StN_set_6,['3_cycle_participant'; 'feedforward_loop_participant'],left,355,5,
720575940633129171,[],PRW.254,SER,afferent,sensory,unknown_sensory,pharyngeal_nerve_sensory_group2,[],,StN_set_6,['feedforward_loop_participant'],right,25,299,
720575940650760825,[],PRW.201,ACH,afferent,sensory,unknown_sensory,pharyngeal_nerve_sensory_group2,[],,StN_set_6,['3_cycle_participant'; 'feedforward_loop_participant'; 'reciprocal'],right,45,337,
720575940646039092,[],PRW.250,,afferent,sensory,unknown_sensory,pharyngeal_nerve_sensory_group2,[],,StN_set_6,['feedforward_loop_participant'; 'reciprocal'],right,15,273,
720575940633895469,[],PRW.224,,afferent,sensory,unknown_sensory,pharyngeal_nerve_sensory_group2,[],,StN_set_6,['feedforward_loop_participant'; 'reciprocal'],right,33,346,
720575940625941022,[],PRW.259,SER,afferent,sensory,unknown_sensory,pharyngeal_nerve_sensory_group2,[],,StN_set_6,['3_cycle_participant'; 'feedforward_loop_participant'; 'reciprocal'],left,27,262,
720575940633129683,[],PRW.305,ACH,afferent,sensory,unknown_sensory,pharyngeal_nerve_sensory_group2,[],,StN_set_6,['feedforward_loop_participant'],right,25,290,
720575940631572141,[],PRW.283,ACH,afferent,sensory,unknown_sensory,pharyngeal_nerve_sensory_group2,[],,StN_set_6,['3_cycle_participant'; 'feedforward_loop_participant'; 'reciprocal'],left,32,260,
720575940607166731,[],PRW.292,,afferent,sensory,unknown_sensory,pharyngeal_nerve_sensory_group2,[],,StN_set_6,['feedforward_loop_participant'; 'reciprocal'],left,16,299,
720575940637896245,[],PRW.269,,afferent,sensory,unknown_sensory,pharyngeal_nerve_sensory_group2,[],,StN_set_6,['feedforward_loop_participant'; 'reciprocal'],left,15,245,
720575940631070239,[],PRW.300,SER,afferent,sensory,unknown_sensory,pharyngeal_nerve_sensory_group2,[],,StN_set_6,['3_cycle_participant'; 'feedforward_loop_participant'],left,19,270,
720575940653233569,[],PRW.267,SER,afferent,sensory,unknown_sensory,pharyngeal_nerve_sensory_group1,[],,StN_set_2,['feedforward_loop_participant'],left,0,333,
720575940639786830,[],PRW.236,SER,afferent,sensory,unknown_sensory,pharyngeal_nerve_sensory_group1,[],,StN_set_2,['feedforward_loop_participant'],right,0,572,
720575940613347474,[],PRW.279,SER,afferent,sensory,unknown_sensory,pharyngeal_nerve_sensory_group1,[],,StN_set_2,['feedforward_loop_participant'],left,0,467,
720575940633759840,[],PRW.215,SER,afferent,sensory,unknown_sensory,pharyngeal_nerve_sensory_group1,[],,StN_set_2,['feedforward_loop_participant'],right,0,587,
720575940620528990,[],PRW.313,SER,afferent,sensory,unknown_sensory,pharyngeal_nerve_sensory_group2,[],,StN_set_2,['3_cycle_participant'; 'feedforward_loop_participant'; 'reciprocal'],left,17,197,
720575940632743649,[],PRW.364,,afferent,sensory,unknown_sensory,pharyngeal_nerve_sensory_group2,[],,StN_set_2,['feedforward_loop_participant'],right,0,147,
720575940638086256,[],PRW.385,SER,afferent,sensory,unknown_sensory,pharyngeal_nerve_sensory_group2,[],,StN_set_2,['feedforward_loop_participant'],right,20,128,
720575940630574659,[],PRW.307,SER,afferent,sensory,unknown_sensory,pharyngeal_nerve_sensory_group2,[],,StN_set_2,['feedforward_loop_participant'],left,0,279,
720575940622198772,[],PRW.425,OCT,afferent,sensory,unknown_sensory,pharyngeal_nerve_sensory_group1,[],,StN_set_3,['feedforward_loop_participant'; 'reciprocal'],left,17,114,
720575940633579360,[],PRW.397,OCT,afferent,sensory,unknown_sensory,pharyngeal_nerve_sensory_group1,[],,StN_set_3,['feedforward_loop_participant'],left,7,175,
720575940624724458,[],PRW.423,,afferent,sensory,unknown_sensory,pharyngeal_nerve_sensory_group1,[],,StN_set_3,['feedforward_loop_participant'; 'reciprocal'],left,21,114,
720575940624502269,[],PRW.325,OCT,afferent,sensory,unknown_sensory,pharyngeal_nerve_sensory_group1,[],,StN_set_3,['3_cycle_participant'; 'feedforward_loop_participant'; 'reciprocal'],right,12,188,
720575940631963821,[],PRW.365,OCT,afferent,sensory,unknown_sensory,pharyngeal_nerve_sensory_group1,[],,StN_set_3,['3_cycle_participant'; 'feedforward_loop_participant'; 'reciprocal'],right,12,182,
720575940631049064,[],PRW.406,,afferent,sensory,unknown_sensory,pharyngeal_nerve_sensory_group1,[],,StN_set_3,['3_cycle_participant'; 'feedforward_loop_participant'; 'reciprocal'],right,18,128,
720575940606163842,[],PRW.335,SER,afferent,sensory,unknown_sensory,pharyngeal_nerve_sensory_group1,[],,StN_set_3,['feedforward_loop_participant'],right,0,300,
720575940614641202,[],PRW.304,SER,afferent,sensory,unknown_sensory,pharyngeal_nerve_sensory_group1,[],,StN_set_3,['feedforward_loop_participant'],left,0,231,
720575940623951591,[],PRW.219,SER,afferent,sensory,unknown_sensory,pharyngeal_nerve_sensory_group1,[],,StN_set_3,['feedforward_loop_participant'],right,0,404,
720575940638357813,[],PRW.251,SER,afferent,sensory,unknown_sensory,pharyngeal_nerve_sensory_group1,[],,StN_set_3,['feedforward_loop_participant'],left,0,362,
720575940611959011,[],PRW.426,,afferent,sensory,unknown_sensory,pharyngeal_nerve_sensory_group1,[],,StN_set_3,['feedforward_loop_participant'],left,0,249,
720575940625871181,[],PRW.273,,afferent,sensory,unknown_sensory,pharyngeal_nerve_sensory_group1,[],,StN_set_3,['feedforward_loop_participant'; 'reciprocal'],right,9,522,
720575940620910716,[],PRW.409,,afferent,sensory,unknown_sensory,pharyngeal_nerve_sensory_group1,[],,StN_set_3,['feedforward_loop_participant'],left,0,315,
720575940626311049,[],PRW.246,,afferent,sensory,unknown_sensory,pharyngeal_nerve_sensory_group1,[],,StN_set_3,['feedforward_loop_participant'],right,0,549,
720575940624905572,[],PRW.369,,afferent,sensory,unknown_sensory,pharyngeal_nerve_sensory_group1,[],,StN_set_3,['feedforward_loop_participant'; 'reciprocal'],left,7,351,
720575940645493283,[],PRW.294,ACH,afferent,sensory,unknown_sensory,pharyngeal_nerve_sensory_group1,[],,StN_set_3,['feedforward_loop_participant'; 'reciprocal'],right,9,482,
720575940626396803,[],PRW.301,,afferent,sensory,unknown_sensory,pharyngeal_nerve_sensory_group1,[],,StN_set_3,['feedforward_loop_participant'; 'reciprocal'],right,18,475,
720575940624910373,[],PRW.380,,afferent,sensory,unknown_sensory,pharyngeal_nerve_sensory_group1,[],,StN_set_3,['feedforward_loop_participant'; 'reciprocal'],left,16,340,
720575940617034713,[],FLA.125,,afferent,sensory,unknown_sensory,pharyngeal_nerve_sensory_group1,[],,StN_set_1,['feedforward_loop_participant'],right,0,107,
720575940604355872,[],FLA.142,SER,afferent,sensory,unknown_sensory,pharyngeal_nerve_sensory_group1,[],,StN_set_1,['feedforward_loop_participant'],left,0,47,
720575940621106465,[],FLA.124,,afferent,sensory,unknown_sensory,pharyngeal_nerve_sensory_group1,[],,StN_set_1,['feedforward_loop_participant'],left,0,86,
720575940632040749,[],PRW.442,,afferent,sensory,unknown_sensory,pharyngeal_nerve_sensory_group1,[],,StN_set_1,[],left,0,53,
720575940630434616,[],FLA.138,,afferent,sensory,unknown_sensory,pharyngeal_nerve_sensory_group1,[],,StN_set_1,[],left,0,57,
720575940625785731,[],PRW.438,,afferent,sensory,unknown_sensory,pharyngeal_nerve_sensory_group1,[],,StN_set_1,['feedforward_loop_participant'],right,0,90,
720575940629887695,[],FLA.145,SER,afferent,sensory,unknown_sensory,pharyngeal_nerve_sensory_group1,[],,StN_set_1,[],right,0,57,
720575940622575754,[],FLA.131,,afferent,sensory,unknown_sensory,pharyngeal_nerve_sensory_group1,[],,StN_set_1,['feedforward_loop_participant'],right,0,101,
720575940612642730,[],GNG.1214,ACH,afferent,sensory,unknown_sensory,accessory_pharyngeal_nerve_sensory_group2,[],,aPhN2,['3_cycle_participant'; 'feedforward_loop_participant'; 'rich_club'],right,16,905,
720575940622606106,[],GNG.1131,ACH,afferent,sensory,unknown_sensory,accessory_pharyngeal_nerve_sensory_group2,[],,aPhN2,['3_cycle_participant'; 'feedforward_loop_participant'; 'rich_club'],left,14,1170,
720575940611056482,[],GNG.2069,ACH,afferent,sensory,unknown_sensory,accessory_pharyngeal_nerve_sensory_group2,[],,aPhN2,['3_cycle_participant'; 'feedforward_loop_participant'; 'reciprocal'],right,109,319,
720575940636943849,[],GNG.2133,ACH,afferent,sensory,unknown_sensory,accessory_pharyngeal_nerve_sensory_group2,[],,aPhN2,['feedforward_loop_participant'; 'reciprocal'],left,78,243,
720575940636542565,[],GNG.1993,ACH,afferent,sensory,unknown_sensory,accessory_pharyngeal_nerve_sensory_group2,[],,aPhN2,['feedforward_loop_participant'; 'reciprocal'],right,111,362,
720575940618889931,[],GNG.3323,ACH,afferent,sensory,unknown_sensory,accessory_pharyngeal_nerve_sensory_group2,[],,aPhN2,['feedforward_loop_participant'; 'reciprocal'],right,122,15,
720575940611630194,[],GNG.1750,ACH,afferent,sensory,unknown_sensory,accessory_pharyngeal_nerve_sensory_group2,[],,aPhN2,['feedforward_loop_participant'; 'reciprocal'],left,165,1085,
720575940640554045,[],GNG.1469,ACH,afferent,sensory,unknown_sensory,accessory_pharyngeal_nerve_sensory_group2,[],,aPhN2,['3_cycle_participant'; 'feedforward_loop_participant'; 'rich_club'],right,161,482,
720575940632596449,[],GNG.1298,ACH,afferent,sensory,unknown_sensory,accessory_pharyngeal_nerve_sensory_group2,[],,aPhN2,['3_cycle_participant'; 'feedforward_loop_participant'; 'reciprocal'; 'rich_club'],left,194,731,
720575940616934289,[],GNG.1540,ACH,afferent,sensory,unknown_sensory,accessory_pharyngeal_nerve_sensory_group2,[],,aPhN2,['3_cycle_participant'; 'feedforward_loop_participant'; 'rich_club'],left,180,504,
720575940637019994,[],GNG.1479,ACH,afferent,sensory,unknown_sensory,accessory_pharyngeal_nerve_sensory_group2,[],,aPhN2,['3_cycle_participant'; 'feedforward_loop_participant'; 'rich_club'],right,180,499,
720575940613004402,['proboscis sensory neuron'],GNG.1409,GLUT,afferent,sensory,unknown_sensory,pharyngeal_nerve_sensory_group2,[],,StN_set_4,['3_cycle_participant'; 'feedforward_loop_participant'; 'reciprocal'; 'rich_club'],left,254,708,
720575940605682790,[],GNG.1296,ACH,afferent,sensory,unknown_sensory,pharyngeal_nerve_sensory_group2,[],,StN_set_4,['3_cycle_participant'; 'feedforward_loop_participant'; 'reciprocal'; 'rich_club'],right,294,991,
720575940627107271,[],PRW.GNG.30,ACH,afferent,sensory,unknown_sensory,pharyngeal_nerve_sensory_group2,[],,StN_set_4,['3_cycle_participant'; 'feedforward_loop_participant'; 'reciprocal'; 'rich_club'],left,250,741,
720575940631462969,[],PRW.444,GLUT,afferent,sensory,unknown_sensory,pharyngeal_nerve_sensory_group2,[],,StN_set_4,[],left,0,16,
720575940605161388,[],GNG.1752,GLUT,afferent,sensory,unknown_sensory,pharyngeal_nerve_sensory_group2,[],,StN_set_4,['3_cycle_participant'; 'feedforward_loop_participant'; 'reciprocal'],left,156,247,
720575940639972816,[],PRW.GNG.32,,afferent,sensory,unknown_sensory,pharyngeal_nerve_sensory_group2,[],,StN_set_4,['3_cycle_participant'; 'feedforward_loop_participant'; 'reciprocal'; 'rich_club'],left,253,300,
720575940630806267,[],GNG.1201,,afferent,sensory,unknown_sensory,pharyngeal_nerve_sensory_group2,[],,StN_set_4,['3_cycle_participant'; 'feedforward_loop_participant'; 'reciprocal'; 'rich_club'],right,587,715,
720575940659479937,[],GNG.2235,GLUT,afferent,sensory,unknown_sensory,pharyngeal_nerve_sensory_group2,[],,StN_set_4,['3_cycle_participant'; 'feedforward_loop_participant'; 'reciprocal'],left,70,105,
720575940626520402,[],GNG.2969,ACH,afferent,sensory,unknown_sensory,accessory_pharyngeal_nerve_sensory_group2,[],,aPhN2,['3_cycle_participant'; 'feedforward_loop_participant'; 'reciprocal'],left,126,32,
720575940628344074,[],GNG.1087,ACH,afferent,sensory,unknown_sensory,accessory_pharyngeal_nerve_sensory_group2,[],,aPhN2,['feedforward_loop_participant'; 'reciprocal'; 'rich_club'],right,228,1612,
720575940611643033,[],GNG.1040,ACH,afferent,sensory,unknown_sensory,accessory_pharyngeal_nerve_sensory_group2,[],,aPhN2,['3_cycle_participant'; 'feedforward_loop_participant'; 'reciprocal'; 'rich_club'],right,56,2409,
720575940616196539,[],GNG.1025,ACH,afferent,sensory,unknown_sensory,accessory_pharyngeal_nerve_sensory_group2,[],,aPhN2,['3_cycle_participant'; 'feedforward_loop_participant'; 'reciprocal'; 'rich_club'],left,63,2292,
720575940634826135,[],GNG.1236,ACH,afferent,sensory,unknown_sensory,accessory_pharyngeal_nerve_sensory_group2,[],,aPhN2,['feedforward_loop_participant'; 'reciprocal'; 'rich_club'],left,251,1809,
720575940609787256,[],GNG.1277,ACH,afferent,sensory,unknown_sensory,accessory_pharyngeal_nerve_sensory_group2,[],,aPhN2,['feedforward_loop_participant'; 'reciprocal'; 'rich_club'],right,199,2116,
720575940615015976,[],GNG.1311,ACH,afferent,sensory,unknown_sensory,accessory_pharyngeal_nerve_sensory_group2,[],,aPhN2,['3_cycle_participant'; 'feedforward_loop_participant'; 'reciprocal'; 'rich_club'],right,234,692,
720575940625972261,[],GNG.1160,ACH,afferent,sensory,unknown_sensory,accessory_pharyngeal_nerve_sensory_group2,[],,aPhN2,['3_cycle_participant'; 'feedforward_loop_participant'; 'reciprocal'; 'rich_club'],left,235,1064,
720575940623511795,[],GNG.1270,ACH,afferent,sensory,unknown_sensory,accessory_pharyngeal_nerve_sensory_group2,[],,aPhN2,['3_cycle_participant'; 'feedforward_loop_participant'; 'reciprocal'; 'rich_club'],left,212,677,
720575940655071905,[],GNG.1334,ACH,afferent,sensory,unknown_sensory,accessory_pharyngeal_nerve_sensory_group2,[],,aPhN2,['3_cycle_participant'; 'feedforward_loop_participant'; 'reciprocal'; 'rich_club'],right,226,594,
720575940629112887,[],PRW.GNG.59,ACH,afferent,sensory,gustatory,accessory_pharyngeal_nerve_sensory_group2,[],,aPhN2,[],right,6,40,
720575940616308921,[],GNG.2577,ACH,afferent,sensory,gustatory,accessory_pharyngeal_nerve_sensory_group1,[],,aPhN1?,['3_cycle_participant'; 'feedforward_loop_participant'; 'reciprocal'],left,47,138,
720575940631069255,[],GNG.2738,ACH,afferent,sensory,gustatory,accessory_pharyngeal_nerve_sensory_group1,[],,aPhN1?,['3_cycle_participant'; 'feedforward_loop_participant'],right,24,121,
720575940628891774,['labial GRN'],GNG.3433,ACH,afferent,sensory,gustatory,accessory_pharyngeal_nerve_sensory_group1,[],,aPhN1?,['feedforward_loop_participant'],right,17,51,
720575940611168921,[],GNG.3014,ACH,afferent,sensory,gustatory,accessory_pharyngeal_nerve_sensory_group2,[],,aPhN2,['3_cycle_participant'; 'feedforward_loop_participant'; 'reciprocal'],left,35,90,
720575940610259406,['pharyngeal GRN'],GNG.1917,ACH,afferent,sensory,gustatory,accessory_pharyngeal_nerve_sensory_group1,[],,aPhN1,['feedforward_loop_participant'; 'reciprocal'],right,114,761,
720575940626014218,['pharyngeal GRN'],GNG.1928,ACH,afferent,sensory,gustatory,accessory_pharyngeal_nerve_sensory_group1,[],,aPhN1,['3_cycle_participant'; 'feedforward_loop_participant'; 'reciprocal'],left,128,656,
720575940621916952,[],PRW.170,ACH,afferent,sensory,gustatory,accessory_pharyngeal_nerve_sensory_group1,[],,aPhN1,['3_cycle_participant'; 'feedforward_loop_participant'; 'reciprocal'; 'rich_club'],left,138,1252,
720575940624266061,['pharyngeal GRN'],PRW.161,ACH,afferent,sensory,gustatory,accessory_pharyngeal_nerve_sensory_group1,[],,aPhN1,['3_cycle_participant'; 'feedforward_loop_participant'; 'reciprocal'; 'rich_club'],right,185,1250,
720575940622346180,['pharyngeal GRN'],PRW.182,ACH,afferent,sensory,gustatory,accessory_pharyngeal_nerve_sensory_group1,[],,aPhN1,['feedforward_loop_participant'; 'reciprocal'; 'rich_club'],right,214,587,
720575940626015242,['pharyngeal GRN'],GNG.PRW.20,ACH,afferent,sensory,gustatory,accessory_pharyngeal_nerve_sensory_group1,[],,aPhN1,['feedforward_loop_participant'; 'reciprocal'; 'rich_club'],left,182,795,
720575940617828766,['pharyngeal GRN'],PRW.171,ACH,afferent,sensory,gustatory,accessory_pharyngeal_nerve_sensory_group1,[],,aPhN1,['feedforward_loop_participant'; 'reciprocal'; 'rich_club'],right,180,585,
720575940629009468,['pharyngeal GRN'],GNG.1322,ACH,afferent,sensory,gustatory,accessory_pharyngeal_nerve_sensory_group1,[],,aPhN1,['3_cycle_participant'; 'feedforward_loop_participant'; 'reciprocal'; 'rich_club'],left,174,702,
720575940625032548,['pharyngeal GRN'],GNG.1591,ACH,afferent,sensory,gustatory,accessory_pharyngeal_nerve_sensory_group1,[],,aPhN1,['3_cycle_participant'; 'feedforward_loop_participant'; 'reciprocal'; 'rich_club'],left,84,531,
720575940625163790,['pharyngeal GRN'],GNG.1619,ACH,afferent,sensory,gustatory,accessory_pharyngeal_nerve_sensory_group1,[],,aPhN1,['3_cycle_participant'; 'feedforward_loop_participant'; 'reciprocal'; 'rich_club'],right,97,458,
720575940628329546,[],GNG.1657,ACH,afferent,sensory,gustatory,,[],,DCSO,['3_cycle_participant'; 'feedforward_loop_participant'; 'reciprocal'],left,79,409,?
720575940635391845,[],GNG.1709,ACH,afferent,sensory,gustatory,,[],,DCSO,['3_cycle_participant'; 'feedforward_loop_participant'; 'reciprocal'],left,64,297,?
720575940632423394,['pharyngeal GRN'],GNG.1439,ACH,afferent,sensory,gustatory,pharyngeal_nerve_sensory_group2,[],,DCSO,['3_cycle_participant'; 'feedforward_loop_participant'; 'reciprocal'; 'rich_club'],right,91,437,?
720575940621870349,['pharyngeal GRN'],PRW.GNG.33,ACH,afferent,sensory,gustatory,pharyngeal_nerve_sensory_group2,[],,DCSO,['3_cycle_participant'; 'feedforward_loop_participant'; 'reciprocal'; 'rich_club'],right,88,383,?
720575940618788944,['pharyngeal GRN'],PRW.GNG.18,ACH,afferent,sensory,gustatory,accessory_pharyngeal_nerve_sensory_group1,[],,aPhN1,['3_cycle_participant'; 'feedforward_loop_participant'; 'reciprocal'; 'rich_club'],left,438,1099,
720575940633165980,['pharyngeal GRN'],PRW.94,ACH,afferent,sensory,gustatory,accessory_pharyngeal_nerve_sensory_group1,[],,aPhN1,['3_cycle_participant'; 'feedforward_loop_participant'; 'reciprocal'; 'rich_club'],right,431,1006,
720575940616616861,['pharyngeal GRN'],GNG.1178,ACH,afferent,sensory,gustatory,accessory_pharyngeal_nerve_sensory_group1,[],,aPhN1,['3_cycle_participant'; 'feedforward_loop_participant'; 'reciprocal'; 'rich_club'],left,168,1303,
720575940633791935,['pharyngeal GRN'],GNG.PRW.14,ACH,afferent,sensory,gustatory,accessory_pharyngeal_nerve_sensory_group1,[],,aPhN1,['3_cycle_participant'; 'feedforward_loop_participant'; 'reciprocal'; 'rich_club'],right,161,1190,
720575940638419534,[],GNG.934,ACH,afferent,sensory,gustatory,pharyngeal_nerve_sensory_group2,[],,DCSO,['3_cycle_participant'; 'feedforward_loop_participant'; 'reciprocal'; 'rich_club'],right,570,1529,?
720575940623660558,[],GNG.857,ACH,afferent,sensory,gustatory,,[],,DCSO,['3_cycle_participant'; 'feedforward_loop_participant'; 'reciprocal'; 'rich_club'],left,607,1679,?
720575940630893196,[],GNG.960,ACH,afferent,sensory,gustatory,,[],,DCSO,['3_cycle_participant'; 'feedforward_loop_participant'; 'reciprocal'; 'rich_club'],left,574,1536,?
720575940611211417,[],GNG.817,ACH,afferent,sensory,gustatory,pharyngeal_nerve_sensory_group2,[],,DCSO,['3_cycle_participant'; 'feedforward_loop_participant'; 'reciprocal'; 'rich_club'],right,577,1677,?
720575940627454569,['pharyngeal GRN'],PRW.92,ACH,afferent,sensory,gustatory,accessory_pharyngeal_nerve_sensory_group1,[],,aPhN1,['3_cycle_participant'; 'feedforward_loop_participant'; 'highly_reciprocal_neuron'; 'reciprocal'; 'rich_club'],left,755,1318,
720575940658442625,['pharyngeal GRN'],PRW.97,ACH,afferent,sensory,gustatory,accessory_pharyngeal_nerve_sensory_group1,[],,aPhN1,['3_cycle_participant'; 'feedforward_loop_participant'; 'highly_reciprocal_neuron'; 'reciprocal'; 'rich_club'],right,786,1321,
720575940609913042,['pharyngeal GRN'],PRW.58,ACH,afferent,sensory,gustatory,accessory_pharyngeal_nerve_sensory_group1,[],,aPhN1,['3_cycle_participant'; 'feedforward_loop_participant'; 'reciprocal'; 'rich_club'],left,619,2030,
720575940640601563,['pharyngeal GRN'],PRW.63,ACH,afferent,sensory,gustatory,accessory_pharyngeal_nerve_sensory_group1,[],,aPhN1,['3_cycle_participant'; 'feedforward_loop_participant'; 'reciprocal'; 'rich_club'],right,662,1717,
720575940637130985,[],PRW.71,ACH,afferent,sensory,gustatory,accessory_pharyngeal_nerve_sensory_group1,[],,aPhN1,['3_cycle_participant'; 'feedforward_loop_participant'; 'reciprocal'; 'rich_club'],left,321,1463,
720575940619928929,['pharyngeal GRN'],PRW.69,ACH,afferent,sensory,gustatory,accessory_pharyngeal_nerve_sensory_group1,[],,aPhN1,['3_cycle_participant'; 'feedforward_loop_participant'; 'reciprocal'; 'rich_club'],right,371,1321,
720575940610981362,['pharyngeal GRN'],PRW.61,ACH,afferent,sensory,gustatory,accessory_pharyngeal_nerve_sensory_group1,[],,aPhN1,['3_cycle_participant'; 'feedforward_loop_participant'; 'reciprocal'; 'rich_club'],left,535,1875,
720575940614830239,['pharyngeal GRN'],PRW.60,ACH,afferent,sensory,gustatory,accessory_pharyngeal_nerve_sensory_group1,[],,aPhN1,['3_cycle_participant'; 'feedforward_loop_participant'; 'reciprocal'; 'rich_club'],right,510,1712,
720575940617121819,['pharyngeal GRN'],PRW.122,ACH,afferent,sensory,gustatory,accessory_pharyngeal_nerve_sensory_group1,[],,aPhN1,['feedforward_loop_participant'; 'reciprocal'; 'rich_club'],left,330,766,
720575940625031610,['pharyngeal GRN'],PRW.129,ACH,afferent,sensory,gustatory,accessory_pharyngeal_nerve_sensory_group1,[],,aPhN1,['3_cycle_participant'; 'feedforward_loop_participant'; 'reciprocal'; 'rich_club'],right,315,818,
720575940621689880,['pharyngeal GRN'],PRW.135,ACH,afferent,sensory,gustatory,accessory_pharyngeal_nerve_sensory_group1,[],,aPhN1,['feedforward_loop_participant'; 'reciprocal'; 'rich_club'],left,205,723,
720575940628131778,['pharyngeal GRN'],PRW.130,ACH,afferent,sensory,gustatory,accessory_pharyngeal_nerve_sensory_group1,[],,aPhN1,['feedforward_loop_participant'; 'reciprocal'; 'rich_club'],right,261,759,
720575940623834300,['pharyngeal GRN'],PRW.112,ACH,afferent,sensory,gustatory,accessory_pharyngeal_nerve_sensory_group1,[],,aPhN1,['feedforward_loop_participant'; 'reciprocal'; 'rich_club'],left,306,1055,
720575940626983952,['pharyngeal GRN'],PRW.107,ACH,afferent,sensory,gustatory,accessory_pharyngeal_nerve_sensory_group1,[],,aPhN1,['feedforward_loop_participant'; 'reciprocal'; 'rich_club'],right,318,1003,
720575940626217226,['pharyngeal GRN'],PRW.127,ACH,afferent,sensory,gustatory,accessory_pharyngeal_nerve_sensory_group1,[],,aPhN1,['3_cycle_participant'; 'feedforward_loop_participant'; 'reciprocal'; 'rich_club'],right,200,1238,
720575940629358807,['pharyngeal GRN'],PRW.GNG.24,ACH,afferent,sensory,gustatory,accessory_pharyngeal_nerve_sensory_group1,[],,aPhN1,['3_cycle_participant'; 'feedforward_loop_participant'; 'reciprocal'; 'rich_club'],left,217,1310,
720575940622199593,['pharyngeal GRN'],PRW.175,ACH,afferent,sensory,gustatory,accessory_pharyngeal_nerve_sensory_group1,[],,aPhN1,['3_cycle_participant'; 'feedforward_loop_participant'; 'reciprocal'; 'rich_club'],left,304,624,
720575940624948867,['pharyngeal GRN'],PRW.194,ACH,afferent,sensory,gustatory,accessory_pharyngeal_nerve_sensory_group1,[],,aPhN1,['3_cycle_participant'; 'feedforward_loop_participant'; 'reciprocal'; 'rich_club'],right,285,495,
720575940637165028,[],PRW.405,ACH,afferent,sensory,gustatory,accessory_pharyngeal_nerve_sensory_group1,[],,aPhN1,['feedforward_loop_participant'; 'reciprocal'],right,34,148,
720575940631284511,[],PRW.377,ACH,afferent,sensory,gustatory,accessory_pharyngeal_nerve_sensory_group1,[],,DCSO,['3_cycle_participant'; 'feedforward_loop_participant'; 'reciprocal'],right,39,120,?
720575940628673474,[],PRW.216,ACH,afferent,sensory,gustatory,,[],,DCSO,['feedforward_loop_participant'; 'reciprocal'],left,55,334,?
720575940616562150,['pharyngeal GRN'],PRW.199,ACH,afferent,sensory,gustatory,pharyngeal_nerve_sensory_group2,[],,DCSO,['feedforward_loop_participant'; 'reciprocal'],right,77,350,?
720575940638608803,[],PRW.214,ACH,afferent,sensory,gustatory,,[],,DCSO,['feedforward_loop_participant'; 'reciprocal'],left,98,349,?
720575940619316603,[],NO_CONS.871,,afferent,sensory,unknown_sensory,pharyngeal_nerve_sensory_group1,[],,StN_set_x,[],right,0,0,
720575940625471896,[],PRW.439,,afferent,sensory,unknown_sensory,pharyngeal_nerve_sensory_group2,[],,StN_set_x,['feedforward_loop_participant'],left,102,0,
720575940610897906,[],PRW.434,,afferent,sensory,unknown_sensory,pharyngeal_nerve_sensory_group2,[],,StN_set_x,['feedforward_loop_participant'],left,172,0,
720575940634755041,[],PRW.436,,afferent,sensory,unknown_sensory,pharyngeal_nerve_sensory_group2,[],,StN_set_x,['feedforward_loop_participant'],left,128,0,
720575940635501560,[],PRW.376,,afferent,sensory,unknown_sensory,pharyngeal_nerve_sensory_group2,[],,StN_set_x,['feedforward_loop_participant'],left,402,0,
720575940645524003,[],PRW.417,,afferent,sensory,unknown_sensory,pharyngeal_nerve_sensory_group2,[],,StN_set_x,['feedforward_loop_participant'],right,304,0,
720575940604782624,[],PRW.387,,afferent,sensory,unknown_sensory,pharyngeal_nerve_sensory_group2,[],,StN_set_x,['feedforward_loop_participant'],right,276,0,
720575940641265549,[],PRW.336,,afferent,sensory,unknown_sensory,pharyngeal_nerve_sensory_group2,[],,StN_set_x,['feedforward_loop_participant'],right,345,0,
720575940612420118,[],GNG.4183,,afferent,sensory,unknown_sensory,accessory_pharyngeal_nerve_sensory_group2,[],,aPhN2,[],left,40,0,
